sentence,label
"Whats up with $LULU?  Numbers looked good, not great, but good.  I think conference call will instill confidence.",neutral
Greene King's third quarter sales boosted by festive season,positive
@scottrade Why is $tsla not available for shorting at this time?  Same for $w?,negative
Infection worries prompt regulatory reviews of Gilead leukaemia drug $GILD https://t.co/H9vqXpZ15G via @YahooFinance,negative
LONDON MORNING BRIEFING: HSBC And Standard Chartered Shares Rise,positive
"I'm liking the price action in $SWKS, currently @21.80 ; my target: 24.00+ before year end.",positive
UPDATE 1-Dairy Crest loses a third of Morrisons milk contract,negative
$V A potential bearish shark pattern if point B $226 to be taken out. http://stks.co/i0GGH,negative
$NUAN held up well after the big gains! Maybe we're finally on the move on this!!its still very undervalued and has major upside,positive
Irish housebuilder Cairn Homes plans London listing,positive
BRIEF-Legal & General's retirement business books 4 billion stg H1 sales,positive
"Upside moves in the volatile #mining sector, sending Anglo American PLC $AAL up 6.8% as of 4:30 PM, London time",positive
Breaking: Tesla recalls all Model X cars  .. details on show now $TSLA,negative
Tesla issues its first Model X recall https://t.co/t1kMqVwhQQ $TSLA,negative
Verizon and AT&T accused of hurting rivals,negative
"PRESS: Serco Set To Appoint Roy Gardner, Ex-Centrica, As Chairman - FT",positive
Keith Skeoch to step up as David Nish quits as chief executive of Standard Life,neutral
Japan's Asahi to submit bid next week for SABMiller's Grolsch and Peroni - Yomiuri,positive
Bunzl Lifts Dividend Again As Acquisitions Continue To Boost Profits,positive
$FB  rejecting HIGHS shortable...at 109,negative
UK's FTSE has worst day so far in 2015 as BG and Prudential fall,negative
"Really surprised by how much $FB has now fallen. Thought there'd be some support around the 50d, but I guess not.",negative
UPDATE 1-AstraZeneca sells rare cancer drug to Sanofi for up to $300 mln,positive
$HYG Potential continuation Uptrend on a 60'-15'-4' charts http://stks.co/t1Qp6,positive
$NFLX +3% of the lows,positive
Word on the street is that Allergen is looking at Endo International after the failed Pfizer merger. May-20 $35 calls active. $ENDP,positive
Barclays Bonds Rise as Lender Cuts Dividends to Shore Up Capital,positive
RBS chairman admits surprise at size of regulatory penalties,negative
Profit taking on $AAPL this morning?  That has to be the pressure on the stock.  I'm still bullish on $AAPL.,positive
Long $ENDP @ $26.23 on $AGN b/o rumor,positive
"$SLV -4.44% at 18 now AWFUL, down from 42.50",negative
Morrisons finance chief to fill gap as CEO leaves early,negative
"Despite sales growth, UK's Tesco cautions recovery to be bumpy",neutral
Japan's Nikkei lands Financial Times in $1.3 billion deal,positive
UPDATE 3-Auto Trader shares leap in UK's biggest private equity-backed listing,positive
$Oil slid to a four-year low after #OPEC kept its oil production unchanged  http://stks.co/a1IX4 $USO $WTI $Brent,negative
$FB down 7.5% from this #bearish pattern.  Considering the #bullish sentiment - That's an impressive bearish move https://t.co/TaJF0cH2qh,negative
Standard Life share price: Insurer buys advice firm Pearson Jones,positive
NYSE owner ICE may gatecrash Deutsche Boerse-LSE merger,negative
"$AGN and $PYPL under pressure along with the market, however there were bullish options trades in both this morning https://t.co/9xG5W8nONT",neutral
$LNT Increases Annual Dividend Target to $1.80/Share from $1.70/Share,positive
"PRESS: Serco Set To Appoint Roy Gardner, Ex-Centrica, As Chairman - FT",positive
"@StockTwits: @Kbkiwi: $TSLA Tesla Model S sales exceed target, profitability guidance amended upward: http://stks.co/jQ0w""""",positive
$AAPL iPhone shipments on track to exceed forecasts - MarketWatch https://t.co/2CXahJIX7d,positive
The Boeing Company (NYSE:BA) Bearish Trader bets $550K that Stock Will Sell Off 9.79% by July Expiry $BA http://stks.co/tCSE,negative
StanChart and RBS struggle in Bank of England stress tests,negative
$DDD 3D Systems (DDD) Stock Receives Ratings Downgrade Today at Jefferies http://stks.co/g1cqd,negative
"$AMZN trades in mid to upper range. No break out yet, either direction",neutral
"$WGO's BoD was right to reject the offer. That company is low because of the economy, not because of any type of mismanagement or anything.",neutral
UPDATE 1-Engineering firm Smiths Group confirms CEO appointment,neutral
EA Launches Origin Online Game Distribution for Mac http://stks.co/aKTU via MacRumors $EA,positive
$SPY Long 1/2 position 137.89,positive
Germanwings disaster will not affect image of budget air travel - easyJet,neutral
$TSLA recall,negative
Aviva weighs cash handout after beating profit forecast,positive
AstraZeneca Acquires ZS Pharma in $2.7 Billion Deal,positive
Long $TSLA short $MBLY https://t.co/jSpUSzo6na,positive
$MOS looking good here at $58.65. Calls are active in this month and weekly,positive
Tesco closes in on new chairman with Dixons Carphone's John Allan in the frame,positive
"@TraceyRyniec not just energy, it's so broad. You will see it in WWG and Kaman as well. I'd be short $fast",negative
Sanofi poaches AstraZeneca scientist as new research head,neutral
$vxx adding to position here !,positive
$NFLX VISION : short term consolidation then movement higher http://stks.co/j05uu,positive
$GTE LONG at 7.44,positive
"Are Aviva plc, Direct Line Insurance Group PLC And Admiral Group plc Set To Soar?",positive
"$DGI technical alerts: Gilligan's Island Buy Setup, Stochastic Buy Signal, Lizard Bullish, Hammer Candlestick, Wid... http://stks.co/c29Nu",positive
$SPY extreme win today - 2 cents above 2009  low on 10-year and $SPY up 2 percent - life is a bowl of cherries - great short setting up $$,negative
"BPI Says Caixabank, Isabel dos Santos Reach Agreement Over Angola Exposure",positive
Arm slammed by handset sales outlook,negative
"$P bull flag on the daily, earnings on the table tomorrow +/-12 move.Will straddle this one into earnings..lots of vol guaranteed here",positive
Facebook $FB received a Buy rating from Wells Fargo 5-star Analyst Peter Stabler (Wells Fargo) https://t.co/jnB4c9vdCu,positive
$UBNT still having some trouble at the resistance line. Should resolve soon.@cheri1 @strattonite   http://stks.co/c0sU4,neutral
UPDATE 1-Berkshire applies to boost Wells Fargo stake above 10 pct,positive
"$AAPL a new long IF 110.61 is broken. Targets are 112.19, 119.86 & 123.82. Bears must retake 102.77. $QQQ $NQ_F $NDX https://t.co/6l3m1wXChw",positive
Short more $FAZ for all who don't know that means markets will tank now :-p,negative
"$ONTY Continues to base as debate lingers. ONT-10 data next potential catalyst. If positive, stock quickly moves to $10. Downside limited.",positive
"$HAL If bulls lucky enuff to get an upside gap fill, better take it. Wouldn't chase it here. http://stks.co/r12Us",neutral
Preparing for a Breakout Trade in Netflix $NFLX  https://t.co/CzHIX3tuAG $$ https://t.co/z1qb9xa4LD,positive
@Intuitiv $CLNE gasoline prices spike in California. http://stks.co/t1bOi,positive
Looking for a strong bounce $SPY -- Lunchtime rally coming. $DIA $IWM $QQQ $AA $FB,positive
$CHRM Loooooongggggg base,positive
Tata Steel working with StanChart for UK unit sale - source,positive
$amzn breaking,positive
"RT @joemccann the correleation between the dollar index and $SPY is simply amazing. $DX finds support, $SPY retreats like clockwork",negative
Spain's CaixaBank Expects To Close Deal For Banco BPI,positive
FDA approves AstraZeneca drug for advanced lung cancer,positive
UPDATE 5-Barclays Chairman McFarlane axes CEO to speed up strategic change,negative
"Kraft, Cadbury's and Britvic in Total Recall: how pulling a product affects profit",negative
RBI surprises Street; Sensex pares gains after hitting mount 30k,negative
"CompaniesNew Aggreko CEO to reshape business, strip costs",positive
UPDATE 1-Cypress Semiconductor offers to buy Integrated Silicon Solution,positive
"Aldi and Lidl expansion plans speed ahead as Tesco, Sainsbury's, Morrisons ...",positive
Petrofac share price rises despite Ã‚Â£30m costs on North Sea project,neutral
RBS will reportedly appoint Howard Davies as its next chairman,neutral
Royal Mail share price edges lower as group raises stamp price,negative
$EDU bouncing nicely after add-on (posted),positive
Entertainment One dispels ITV takeover rumours,neutral
$NUGT Gold above 1400...wow,positive
$BBRY nice bounce,positive
"UPDATE: EasyJet Passenger Numbers, Aer Lingus Traffic Up In February",positive
BG Group appoints new CEO one month early,neutral
Diageo Shares Surge on Report of Possible Takeover by Lemann,positive
"After Barclays and Bank of America, Citigroup has blockchain in sight",positive
$AAPL Good time to buy. Will the run come before earnings or after?,positive
Passengers rise at EasyJet and Aer Lingus,positive
"$HLF shorts made a killing last couple days, might make more if cover and buy back?",negative
"$JE LOOKS like we are bouncing.  Would be nice to finish over $6 today, and make the hammer.  Nice volume from 5.77 bottom.  Fingers crossed",positive
$AAPL I'm sure those short are holding their breath hoping for a miracle. lol,positive
UPDATE: Barclays Expects Gain After Settling With Lehman Bros Trustee,positive
BULLISH Engulfing of COCA COLA: http://stks.co/fYCo $KO,positive
$XLB the weakest sector this year and possible false breakout  http://stks.co/dL1Z,negative
"$YHOO fishy action. New party interested (DailyMail) bounce & retreats. Not short by any means, but action questions big up move. Thoughts?",neutral
$GPS Gap September Comparable Store Sales -4%,negative
"$XLF http://stks.co/1KJ9 Bounced off target buy area, bought $skf as a hedge. watch 50ma's slope",negative
$GALE Breakout Coming Soon!,positive
Tesco Abandons Video-Streaming Ambitions in Blinkbox Sale,negative
InterContinental Hotels Group share price climbs on $1.5bn special dividend,positive
Shell's $70 Billion BG Deal Meets Shareholder Skepticism,negative
AB InBev offers SABMiller $3 billion breakup fee,positive
Whitbread share price climbs on Q4 sales growth,positive
"London open: Taylor Wimpey and Ashtead drive markets higher, Barclays falls",negative
Glencore slumps 30 percent as debt fears grow,negative
"Isolationism? Another Sell Rating, Sell Ratings On SPY, QQQ, IWM And Several Companies https://t.co/j35FNnx744 $AAPL #APPLE $AXP $BAC",negative
$ACAD under $2 today?,negative
Balfour Beatty plc Set To Reinstate Dividend (And Rival National Grid plc And Centrica PLC Once More?),positive
"You know that back seat? Don't sit in it. - $TSLA -> Tesla recalls 2,700 Model X cars https://t.co/7J0Gwz89ZC",negative
Double bottom with handle buy point of 56.49 $WMT http://chart.ly/ml857v3,positive
"$FB trending nicely, intraday.",positive
Hargreaves Lansdown share price falls as costs mount - although pensions ...,negative
$AAPL Right back in ... - Buy the dips brought to you by CNBC. LOL,positive
$GPRO down 25% since Tue morning.,negative
BHP Billiton drags FTSE lower after slashing dividend,negative
StanChart and RBS struggle in Bank of England stress tests,negative
Dixons Carphone profit boost on strong sales,positive
Tesco share price closes higher as two more directors leave grocer,positive
$GOOGL is a short below 740 into the upper BB and is overbought,negative
Glaxo's ViiV Healthcare Signs China Manufacturing Deal With Desano,positive
Companies Thetrainline.com announces arrival of London IPO,positive
FDA Approves AstraZeneca's Iressa As Lung Cancer Treatment,positive
"Nine banks including Barclays, Citi, agree to pay $2 billion to settle forex ...",negative
"FastJet slams EasyJet founder Stelios for going public, is 'taking legal advice' over letter about contractual ...",negative
$PCLN Back to Back intraday reversals look out below. Shorts moving in!,negative
"Sudden optimism about iPhone sales (i.e., not as bad as expected) gives Apple $AAPL a lift.  https://t.co/oKTCw4YiB5",positive
$PRLB hanging tough in down market due to analyst upgrades last week. Up almost 3%.,positive
$FB still a dog going much lower this week,negative
$IDCC - $89 share total value of company after crunching #'s. The 4g technology is their diamond in the rough.,positive
"$INTC & $AAPL strong, tech leads DOW higher",positive
"$SPY Less than 0.2% down and people are calling it bearish. Some heading for exits already. Maybe 1% down will be ""the crash""? Disturbing!",negative
Investors Remain Skeptical About Shell-BG Deal,negative
Citigroup to Sell OneMain to Springleaf for $4.25 Billion,positive
"@Stockoptionexpert: $MAT - 6%, big trader added 10000 April put contracts 3 days ago  http://stks.co/c1Ols",negative
Starbucks' Digital Strategy To Drive Significant Growth With Customer Loyalty $SBUX https://t.co/Xk6lZ3UI3K,positive
$SIGA Bid for Reargument Denied by Judge,negative
"$RUSS Don't catch falling knives, but I think an entry is coming soon on this",positive
Long $GPRO for a brealout trade,positive
$GNRC finding support at its 10-day line so far.,positive
$TSLA You have to love these types of articles. SS interest rose on 12/15 on day before we hit our lows. http://stks.co/c1QKr,negative
$TSLA announces a recall and the stock doesn't sell off. This stock is teflon. Won't last forever.,positive
Diageo Sells Ryder Cup Venue Gleneagles Hotel to Ennismore Group,positive
UK WINNERS & LOSERS: Aviva And Friends Life Lead FTSE 100 Gainers,positive
AstraZeneca And Daiichi Sankyo To Jointly Commercialise MOVANTIK In The US,positive
$TSLA weakest in todays DT watchlist,negative
End Of Day Scan: Bullish MA  Crossovers $BBVA $PDS $NTLS $NGL $SBRCY $FGL $MTNOY $TTT  www.dailystockplays.com,positive
CompaniesHoward Davies appointment as RBS director delayed,neutral
$FB gettin in the buy zone soon ;),positive
"$NFLX small pos, short 180 wkly puts.",negative
Synergy Pharma Soars 67% Today On Positive Phase 3 Results $SGYP http://stks.co/j2awg,positive
$REN bottoming out again.. Good time to buy,positive
"$AAPL Taking out the shorts here, a punishing reminder not to spear the  strongest in the herd.",positive
ITV share price: Group mulls takeover of Canada's Entertainment One,positive
"It's a bad idea to make 5 min predictions based on faith: RT @dandyduct $AAPL Sell signal hit at 584, it will go down for the next 5 min",negative
Glencore fight back over debt fears lifts shares,positive
Yahoo stock is up to $36.46 as the bidding war picks up for the company https://t.co/JDNZXDCMkl $YHOO https://t.co/HmOegfHgvn,positive
$ES_F. Nice little cup-and-handle shaping up on the 15-minute. End-of-day $SPY $SPX favours a good day for the index. Will we see a gap open,positive
"@SOULLOR the regular scrappy Q $SWY usually presents. Sales weak, margins down, debt still way up.",negative
"Sainsbury's, Asda, Tesco and Morrisons will all cut petrol prices as oil falls ...",negative
what is up with $HK..... from Jan to now it's been a sinking ship...,negative
$DISH weakness continues again. 49.43 area resistance after last week,negative
GKN to buy Fokker Technologies for 706 mln euros,positive
Crown Castle buys Tower Development Corp for $461 million,positive
"$SSYS just re-tested lows . Should rise steadily from here. It hit $81 just 21 trading days ago, and $130.86 on Sept 18. It'll do it again.",positive
$AMZN long into earnings. looks good over 600,positive
"Tesla is recalling 2,700 Model X cars: https://t.co/8Z7BkVsTl9 $TSLA",negative
energy still failing to close above the 10D MA.  continues to stand out weak $XLE,negative
Persimmon share price climbs on 23% rise in full-year revenue,positive
Royal Dutch Shell profit rises; dividend up 4%,positive
Exact (EXAS) Flagged As Strong On High Volume $EXAS http://stks.co/r26Ra,positive
$TSLA I see more downside in next two weeks be careful -20 dollars drop potential vs +10 up moved,negative
Tesco sales rise shows tentative recovery continues,positive
HSBC appoints business leaders to board,positive
"GlaxoSmithKline targets growth across units, scraps ViiV IPO",positive
"$QCOM The indicator RSI is over 50, which stands at 56.1, an upward movement is expected. https://t.co/yfa9jcUsQa",positive
Philippines' San Miguel says to partner with Kirin if it bids for SABMiller's ...,positive
Drugmaker Shire to buy Baxalta for $32 billion after 6-month pursuit,positive
Petrofac books further Ã‚Â£30m cost for Shetland gas terminal delays,negative
"Also, BMO had just initiated $incy with an outperform yesterday, while several other firms all reiterated buy ratings.",positive
Tesco sells Blinkbox and broadband service to TalkTalk,positive
AstraZeneca Teams With Daiichi Sankyo To Sell Movantik In US,positive
$ACOM http://stks.co/1G6x Downside breakout looks to be coming soon.,negative
$TSLA Wish had my puts back but see if we can find support around 243.39 and pop up so that I can get back in. https://t.co/hFkLq3WObV,negative
$FB slight green... May be runner later,positive
$AAPL Dips being bought up real quick. Higher lows fo sho,positive
$SPY  still wants higher I think.,positive
"Still short $LNG from $11.70 area...next stop could be down through $9.00. Someone slammed it hard with 230,000 shs this am! More to follow",negative
$COST short finally making gains. I will take half my gains at 147,negative
Kinder Morgan and BP Form Joint Venture Limited Liability Company to Purchase ...,positive
MT @TheAcsMan Amazing seeing everyone suddenly touting $MSFT. Long been favorite covered call & double dip dividend play.,positive
"DBS, Julius Baer emerge as potential bidders for Barclays Asia wealth unit ...",positive
"Sainsbury's, Asda, Tesco and Morrisons will all cut petrol prices as oil falls ...",negative
Hard to find new buyers of $TSLA at 250.  Shorts continue to pile in.,negative
$FB (110.20) is starting to show some relative strength and signs of potential B/O on the daily.,positive
Glencore chief blames rivals' overproduction for share price fall,negative
$IBM staying strong,positive
$aapl short term fund/redemption liquidations.. Should have the channel cleared soon and on solid footing. $520 is new floor come July! :),negative
"RPT-Old Mutual Q1 gross sales beat forecasts, up 18 pct",positive
$AAPL 620 resistance area,neutral
Australia clears AB Inbev's $100 billion SABMiller buyout plan,positive
Barclays appoints JPMorgan's Paul Compton as new COO,neutral
"$INTU is in the process of streamlining its structure, especially through divestment of non-core businesses   https://t.co/dR5baNun2u",positive
"$TXRH reports Q1 EPS of $0.37 versus the estimated $0.35, beating by $0.02. EPS were Up 19% from the same quarter last year.",positive
Nasdaq Sets Up for Breakout Part II | via @AllStarCharts http://stks.co/15Nv  $GOOG $AMZN $QCOM,positive
"$TSLA TO RECALL 2,700 MODEL X SUVS FOR SEAT-BELT FIX",negative
Reed Elsevier share price slides on underwhelming full-year results,negative
"FDA approves NPS drug, in move validating Shire takeover deal",positive
Shell share price: Standard Life announce position against BG acquisition,neutral
"Casinos red before the bell: $LVS -0.75%, $WYNN -0.47%, $WYNN -0.47% > unusual comibinations of what's running, what's red before the bell",negative
$TSLA <STUDY the CHARTS> Pullback_Time https://t.co/ZMDG0fb3I7,negative
"$IMRS - it's important to be pragmatic in analysis...high prices could offer head-winds....bullish story intact,evenif the market rolls over",positive
$AAPL price momentum weakening going into the close.,negative
"London open: Taylor Wimpey and Ashtead drive markets higher, Barclays falls",positive
Breaking 52 week highs timing looks great now $AHS $BABY $POST $IGE $IRDM $EWBC $PHYS $ULTA $VNET $BIV https://t.co/11K8JzuzMU,positive
$BAC in for swing trade  looks like want go up,positive
$ETN UPGRADE today by MS to overweight.  Excellent company and leadership,positive
$PLUG bear raid,negative
Lloyds to cut 945 jobs as part of three-year restructuring strategy,negative
Spain's Caixabank launches new takeover bid for Banco BPI,positive
long $SDLP $CPGX $TWTR $BITA $LABU $FB $TSLA $ETE $SDRL  Autocharts @ https://t.co/nxLx1ES7nY,positive
"$ATVI ooks pretty bullish for now. from a short-term perspective, it's got a good chance of maybe sliding back to 33.70 #stocks #investing",positive
"Tesco set to sell Kipa, Giraffe businesses - Sky News",positive
"FTSE 100 drops 2.5 pct on Glencore, metals price fears",negative
Novartis buys remaining rights to GSK treatment in deal up to $1 billion,positive
UPDATE 1-Pearson expects to grow this year after solid end to 2014,positive
$BBRY Ready for Take OFF!,positive
@technik I still have a smaller $GILD pos. Being very tender with cash due to volatility. So reluctant to keep many big positions.,positive
"Sold out $TZA 45 $PUT (down $1), which were hedging my 45 $CALL. Letting the calls ride solo now.",positive
"$CNDO 21% short float, shorts likely to take profits into close",negative
BG Group Still Happy With Shell's $70 Billion Offer,positive
"2nd raise this year.  ""@BVHealthcare: $QCOR Questcor Increases Quarterly Cash Dividend 20 Percent.. http://stks.co/goan""",positive
$FB bot some @78.47 breakout from the consolidation zone :D,positive
"Buffett's Berkshire builds Deere stake, dumps Exxon",negative
"European shares plunge, roiled by BHP and oil; hopes turn to ECB",negative
AB InBev ups offer for SABMiller as deadline looms,positive
$RNN More bleeding Monday.,negative
$BONE Earnings Stocks Poised to Pop http://stks.co/2zWE,positive
$TSLA stock gaining steam... Plus other notable moves from this week: https://t.co/Hz0wdp5za1,positive
$PAY 2nd time test of the 21.20-30 b/o zone.  Still not breaking out.  Moved my stop up to 20.80.,neutral
$AMCN pushing highs,positive
$GOOGL is setting up above its 50-day moving average. https://t.co/tTm9RnFoXJ,positive
NaturalGas Settles At 3-year Low $DBO $BNO  http://stks.co/d27qX,negative
Royal Mail chairman Donald Brydon set to step down,negative
"$SDS +1.46% 15.32, picking up some speed. May 16 calls now +35% .19: http://stks.co/3eiK, Next week $16 calls .11c: http://stks.co/3eiL",positive
Chime Communications Set To Be Acquired By WPP And Providence,positive
"@louiebeene vwap is 1.63, held the trend line. Should be on a LOT of radars. $NAVB",positive
AstraZeneca to Buy ZS Pharma for $2.7 Billion,positive
"Tesla Motors recalls 2,700 Model X SUVs $TSLA https://t.co/xDGrAExkKz",negative
$FB turns back down in early trading.... https://t.co/reuf5PzhBm,negative
$GS is looking weak while this market is moving higher not a good sign. Unless $gs can get above 157. early short below 154.00 today.,negative
$AAPL Action into the close indicates that $AAPL probably hit a near term high.  Momentum slowing after a huge run.,positive
Juniper tumbles on Q1 warning; Cisco also lower $JNPR $CSCO https://t.co/bGvIntk43h,negative
volatility squeeze in $AAPL. I hope it gets resolved to the upside,neutral
$IBIO  up 10% in premarket ready for lift off,positive
$RAD All my charts are flashing oversold.,neutral
$ARIA This is the reason why shorts don't show up...long steady small climbs. The best way to accrue value. IMO,positive
Anheuser-Busch InBev Increases Offer for Rival SABMiller,positive
$MA http://stks.co/1CYN continues to consolidate / base here,positive
Retailers Kingfisher and Sports Direct rise in Britain's share index,positive
ITV share price jumps on report of Comcast's NBCUniversal bidding to takeover ...,positive
Short interest increases yet again http://stks.co/e19h via @ryandetrick $SPY,negative
Primark racks up a happy Christmas after strong sales,positive
Asahi could be about to snap up more of SABMiller's beers ahead of AB InBev sale,positive
LSE-Deutsche BÃƒÂ¶rse dealmakers wrong to ignore Brexit risk,negative
SABMiller revenue hit by weaker EM currencies,negative
AB InBev to Sell SABMiller Stake in China's Snow Beer,neutral
Look at that $AMZN > 600,positive
$CYTX looks like an ascending channel on Finfiz http://stks.co/f26r4,positive
pretty steady accumulation off support today.  Purdy. $AGU,positive
"78 users on Vetr are bearish on Tesla Motors, Inc., indicating a SELL Rating (2 stars) for $TSLA https://t.co/vVpzqCXsNJ",negative
$AAPL afternoon selloff as usual will be brutal. get ready to lose a ton of money.,negative
"$RNN day traders flushed out, it should start going up slowly from now on .",positive
Tesco sales recover as focus returns to core business,positive
"$AAPL 50DMA turned up, MACD crossover a half-a-hair away on the weekly. EOD break out likely.",positive
$CAT is hangin on my a thread. 1click away from a cliff drop.. Needs follow through (or snap-back on the VIX),negative
$AAPL rejected the hod...should head lower. Sitting on the sidelines for now.,negative
$BXS: BancorpSouth Announces Extension of Merger Agreements with ... http://stks.co/s2PDF,positive
$RNN staying above the open a very good sign!!!,positive
$SPY c'mon bulls buy DIPS!,positive
"$ESI on lows, down $1.50 to $2.50 BK a real possibility",negative
$GTAT Will re-enter short on bounce...,negative
"RT FITZSTOCK2004: $IYT http://stks.co/1NBF the Transports always lead  the way, and  they broke DT  line  1st, MACD cross,  bull  flag=",positive
"$WFM Bought a little yesterday, hoping for an earnings pop.",positive
$PG Ackman making the big added efficiency argument. betting on operational imporvement in a huge conglomerate can go either way imo.,positive
Aviva Fined $27 Million by U.K. Regulator Over Fee Failings,negative
$SMH got a sell signal on 6/4 and needs to take out 39.28 to go higher otherwise headed lower than 37.60 gap below at 35.38,negative
$DARA breaking out,positive
Why Alphabet Inc was just upgraded to buy https://t.co/dEVnLKhqtZ $GOOGL,positive
"Aberdeen AM posts H1 outflows, says conditions to remain challenging",negative
"PNC, Goldman Sachs Receive Dividend Hike Green Light (But Don't Act): http://stks.co/2pa7 $PNC $GS",positive
"Micron Technology Inc #NASDAQ: $MU down 2.3% today and down 8.9% since being put on ""The Short"" https://t.co/EQQLTfUiOU",negative
MillerCoors Delivers 2.9% Underlying Net Income Growth for 2014,positive
"Ingenious, HSBC, UBS and Coutts sued by 'tax avoidance' clients",negative
AstraZeneca suffers setback after drug fails to treat eye cancer,negative
$ENB.CA {Head&Shoulders} bullish reversal setup and breakout. Oil and Gas Pipleline stock. $USO,positive
Whitbread buys 49% stake in Pure food chain,positive
$ENDP being sued by FTC.....nobody will buy them with that hanging over their heads,negative
Shell challenges Exxon dominance with 47 billion-pound bid for BG,negative
"UPDATE 1-SABMiller 2nd-quarter underlying sales rise, forex impacts margins",neutral
$INVE : SEE YA ABOVE $8,positive
$TSLA gyrating @ S1 above gap. keeping an eye on S2 http://stks.co/jQfB,positive
BBCN Bancorp to buy Wilshire Bancorp in $1 bln deal,positive
$SKH http://stks.co/163e Long setup. Watch for continuation and volume expansion here. Hot sector.,positive
"FTSE rallies off three-month low, boosted by StanChart, Sainsbury",positive
$SPY weak close,negative
$AAPL short some 592.49,negative
$AAPL Goldman Sachs reiterates conviction buy on Apple with a $155 PT $SPY $DJIA $GS https://t.co/h5hmXSITwM,positive
$spy bumping its head on declining daily 8ma as overhead resistance. Then the big brother 50ma just above that.,negative
@Megaas2000 $AAPL McDonalds had a big GROWING success for years with the same BigMac and Apple update and improbe Iphone and Ipad,positive
"$KO had missed earnings expectations for the last two quarters, so todayâ€™s strong results came as a major surprise http://stks.co/d0RHF",positive
$spy $vxx $aapl the parties over loaded on $uvxy volatility is back,negative
$CIEN http://stks.co/dZU CIEN seems to have broken out of a major horizontal resistance. Targets $14.35.,positive
$LSCC Accumulation chart continues to make new highs showing accumulation continuing to take place http://stks.co/aDpO,positive
Balfour Beatty plc Set To Reinstate Dividend (And Rival National Grid plc And Centrica PLC Once More?),positive
"$AMZN rejected that 604 to the penny. Weak open and it goes r/g within first 30 mins, could have 8-10 points in it. https://t.co/58tEAEXxpE",negative
"Rio Tinto swings to loss, drops dividend policy",negative
Severn Trent share price jumps as Canadian investor renews pursuit of utility,positive
Standard Chartered Not Raising Capital Yet As Dividend Cut,negative
$NVDA sideways,neutral
$SKX turning. Coming from far could go far. Stock price implies you pay nothing for the business,positive
Bought some more $CELG as it is ready for a bounce.,positive
G4S slides on balance sheet worries,negative
$ARIA Bounce Player! Long above $6.17 http://stks.co/q0WfF,positive
"$WAC trade continuing very nicely from yesterday, almost up $3 from yesterday entry, deal pricing tonight looking very strong here... $SPY",positive
$UTSI http://stks.co/15uR Long setup. Reported very good earnings.,positive
$NEON oversold,positive
RT @jan $ARNA Don't think buyout rumor strong enough too be driving this up just yet...when it is this may fly like aapl...// fly how high?,neutral
"#Apple breaks major support, here are some levels to watch - http://stks.co/jRmW $AAPL $QQQ",negative
"FTSE falls to 3-month low on Greek debt concerns, easyJet skids",negative
$TSLA upgraded to Buy @ Argus w/ $333 PT - you'd almost think after ~100pt run in 5 weeks this would be the sell signal,positive
$FB churning in high volume @ IPO price. Lot's of sellers trying to get out. Might take a while here to consolidate before moving higher.,negative
CORRECTED-Shire to buy Dyax for about $5.9 bln,positive
Intertek Group announces strategic update outlining its plan,neutral
Standard Chartered lags on capital worries,negative
$MXWL Oh snap. Just went long again. LT,positive
$SONC Amazing run since middle of March - obvious that the quality/tastiness of their burgers is not being factored into this price advance,positive
Commodity Channel Index Indicator signaled a Oversold for $FB #stockmarket https://t.co/VM32d3M9xi https://t.co/cvkojk05Xn,positive
Borealis Infrastructure putting together new Severn Trent bid,positive
$IWM same conditions that sent markets to tumble all hitting this week,negative
Builder Persimmon hails 6% rise in house sales,positive
Today I bought more $MU $YHOO $VALE $NBL $TWTR $AXP $ZNGA https://t.co/Vt6T5Zp2is,positive
Old Mutual First-Quarter Sales Up 18% Buoyed by Emerging Markets,positive
$AAPL http://stks.co/1LDx Clearing this descending trend line / buy area now,positive
CompaniesActelion shares hit record on Shire takeover talk,positive
$YELP This goes green and so many shorts are toast!,positive
"$FAST $GWW - daily sales slowing again, pretty timely coincident indicator https://t.co/m6BKHBkzK5",negative
$AMD big dumping... would not touch it for a while,negative
Starbucks shares down as much as ~4.2% $SBUX https://t.co/JlgrprR54k,negative
$AMZN Trailing 12 months operating cash flow rose 48% to $4.98 billion & free cash flow decreased 63% to $388 million http://stks.co/c06zG,neutral
"Buffett's Berkshire builds Deere stake, dumps Exxon",positive
$AAPL Nice RSI 33 bounce at 9:58,positive
GlaxoSmithKline set to complete $20 billion Novartis asset swap next week,positive
"RT @StockTwits RT @fallondpicks Breadth Consolidates: After weeks of steady gains,advances in mkt breadth slowe... http://stks.co/2TrG $QQQ",negative
$IWM buy programs popping $iwm for close print cheap money means higher stock prices $spy robot buying,positive
$DCTH Near HOD,positive
TalkTalk hires BAE Systems to investigate cyber attack,negative
Stakes High for AstraZeneca Heart Drug Facing Tough Competition,negative
"$CHKP ABC Bullish Pattern, Targets https://t.co/uVMmRSR5Zy",positive
$TSLA recalling pretty much every single model X @cnnbrk got to short that even at work you jump in money trade,negative
Should You Follow Berkshire Hathaway Into Apple Stock?,neutral
Key level to watch in $FB for today is 25.53-- watching to see if it can hold as support http://stks.co/bOH4,neutral
France raises concerns over proposed LSE-Deutsche Boerse deal,negative
"Tesla Recalling 2,700 Model X Units, Related to Faulty Latch for Third-Row Seats; Fall To $252.50 Level on Recall, Shares Up 1%  $TSLA",negative
EU regulator backs approval for GSK injectable asthma drug,positive
$STX move off the bottom but still in bear market #datasecurity $EMC $SNDK $WDC https://t.co/VkYdWPxeSN,negative
Royal Mail share price rallies amid positive broker comments,positive
$CRUS Upgraded to a buy by Alpha Street Research,positive
"Google, Inc. completes acquisition of ICOA, Inc. http://stks.co/nFEI $ICOA $GOOG",positive
Imperial Tobacco Adds Quarterly Dividends After Profit Rose,positive
"Should you buy Associated British Foods plc, Great Portland Estates plc and Dunelm Group plc following today's news?",positive
Watch these bancos.they're holding up relatively well compared to the broad market $XLF $BAC $GS $C <--large C buying in $BAC in backburner,positive
expecting  $SPY to close above 205.20 $AAPL,positive
$TRIP maintains Neutral rating at JP Morgan- PT cut $61 from $66,neutral
$YELP wayyy overvalued right now IMO. Should be trading single digits. May take a short pos. into earnings. Near term target 18 ......,negative
Entering long Lockheed Martin $LMT at Thursday's open. http://stks.co/eXtA,positive
$SBUX downgraded to neutral at Deutsche Bank. Price target reduced to $64 from $70.,negative
$mako hanging in well today. still in a basing pattern. have eyes on it,positive
Buyback not trending right ( $CPIX spending more as shares pricier). Hopefully will pull back w 6.87 Q2 closing VWAP,negative
$FB they are hitting  everything in sight.short it. but twtr,negative
Costco: A Premier Retail Dividend Play https://t.co/Fa5cnh2t0t $COST,positive
"Key price to watch in $NFLX, off the previous double top reject, 218.23 http://stks.co/sIYn",negative
SAB's Chairman Digs In With Board Divided on InBev Offer,neutral
"RECAP: $MSFT rumor this morning had them spinning off XBOX unit, stock grinds up all day to close on highs",positive
"@BrooklynBandit: $SIMO Basing nice. A close over 24.18 is bullish $QQQ $SPY $STUDY watch for a close near HOD. Currently up +3%"" up +5%",positive
"$INO Up, up, and away!",positive
$CTRP  breaking out here on good vol and a parser buy signal  ..noticed this on bob langs comments looking for 48 fast,positive
i-Grid shows $DIA capped for the long term at range of 123.40- 124.77;any rally beyond today's levels or into this range leads to meltdown.,negative
FTSE edges up as investors cheer Kingfisher results,positive
ESPN Files Lawsuit Against Verizon - http://stks.co/i2Cj1 $VZ,negative
"DJI overbought: $AAPL, $AXP, $BA, $CVX, $IBM, $INTC, $VZ https://t.co/wMy1PnomJF",negative
"Facebook, near a buy point last week, faces a different technical test today https://t.co/c72LLMpiNM $FB $AAPL $NFLX https://t.co/fPFbYTYPuY",positive
Rival companies $GWR and WATCO eyeing $RA w take-over interest.  http://stks.co/o0xY,positive
Berkshire Hathaway names Kara Raiguel to lead General Re unit,neutral
"CEOs of BPM, UBI meet Italy econ minister as M&A talk heats up",positive
LSE-Deutsche BÃƒÂ¶rse dealmakers wrong to ignore Brexit risk,negative
Shire share price under pressure after $32bn Baxalta deal,negative
$tsla X recall not a big deal... the problem is now they will have an excuse to guide way way lower...,neutral
$NFLX Easy pop to 500$ by end of feb.. Then steady as she goes for 600 into second earnings report..800$ year end no matter what,positive
"EU regulators clear $100 billion-plus AB InBev, SABMiller deal",positive
Shell challenges Exxon dominance with 47 billion-pound bid for BG,neutral
"$AAPL Stock Climbs as Barron's Sees 40% Upside, Jim Cramer's Take  https://t.co/lKlD9mVKBQ",positive
$GDX $GDXJ $JNUG - strong move today for the Junior Gold Miners - keep an EYE out for a gap fill -,positive
"BHP Billiton slashes dividend, posts $5.67 billion net loss",negative
I see a 20 percent upside in $FB shares from here,positive
$BBRY bye bye Sammy. Hello BB. Sounds like we'll see some green tomorrow.,positive
"SiriusXM added 465,000 net new subscribers in the first quarter of 2016 $SIRI #CEO #sales #marketresearch #tech #entrepreneur #Speaker",positive
MillerCoors Board Names Gavin Hattersley Interim CEO,neutral
Morrisons and Debenhams surprise City with Christmas bounce back,positive
"News FeedFTSE 100 movers: Ashtead jumps on strong interims; Glencore, BP in ...",positive
My $DWA play up 6% today. I'm still skeptical. Will take profits. Not a time cheer,neutral
$FB I've been dead on so far. Such a bloated valuation. https://t.co/czCf8Kbrlt,negative
$TROW Ascending triangle gives a bullish bias to this chart. Breakout above 84 will be positive http://stks.co/g0ls5,positive
CompaniesMeggitt profits hit by weak energy and military markets,negative
Aspen to Buy Anaesthetics From AstraZeneca for $520 Million,positive
$SPY Don't hang your bull hat yet. Next week we will pop higher on QE3 hope on back of fed's 2 day meeting.,positive
$EXPE working on the second leg of its reversal run as it breaks another down trend and continues higher. https://t.co/76DSJysyR0,positive
looks like a big feb 18-22 $put spread on $cree.  Last quarter 0% YoY rev growth trading @ 24x earnings.  I may try a short.,negative
$FB i guess they want it down look at the those sell orders,negative
$UUP at major resistance right now. Can go much higher if it can break above. May take several attempts - few days to a week,positive
Tesco criticised for 'disgraceful' advert showing domestic worker being slapped,negative
Most bullish stocks on Twitter during this dip. $YHOO $GDX $GOOGL $STZ $GOLD $EW $VZ $CELG $SBUX $SCTY more: https://t.co/iuZJelfwt3,positive
3-star analyst Joe Wittine from Longbow Research reiterated a HOLD rating on $NTAP.,positive
Long $PCLN,positive
CompaniesAB InBev signals it won't go hostile for SABMiller,positive
@REC_Zakaria Monday Bulls Are Out! Stock Ticker- Michael James Ent. Other picks $SBUX $GVP $NKE,positive
$UVXY Put the chum out there at key support then next level down - careful,negative
Copper market may get a 2003-style supply shock from Glencore closures,negative
Intertek swings to Ã‚Â£347 mln loss on oil's slump,negative
$ISR- @IsoRay Up 6% and high on volume http://stks.co/iFpo #biotech,positive
Rolls-Royce to Ensure Compliance After Petrobras Bribery Report,neutral
$SPY Tomorrow party time for the Bears!! $GOOG and $MSFT -5.5%,negative
Do it for me' trend underpins UK sales growth at Kingfisher,positive
"$ENDP - we saw a large order in this one last week, someone also accumulating May & Jun 35's Calls today",positive
VIVUS $VVUS bear raid in effect. Stock down 12%,negative
"Standard Chartered, RBS Escape Capital Raising in Stress Test",positive
US sanctions put Gazprom-Shell alliance plans in jeopardy,negative
"$KNDI Break that HOD on volume, and we have a nice consolidation completed for another run.",positive
$AMRN Got sell signal 7/1/14 still in force with target below 1.50,negative
"Broker tips: RBS, Croda, Sage",positive
$YHOO About to break out on the 5-min...,positive
Thank you $GOOG (Google Alphabet) and $FB (Facebook) stocks! What a nice reversal.,positive
$TSLA is now up 57% from its February low. Amazing rebound.,positive
"On #FEDDAY looking for a sharp move up in equities $AAPL $HD $LOW $FB seeing $UVXY $TVIX getting hammered, even though market is down.",positive
$AXP Looking for continuation with volume increase http://stks.co/c8sR,positive
Analyst Views: Astrazeneca shares have seen recent volatility; what will 2015 ...,negative
$NFLX +1% $104.80 LONG streaming services rapidly outpacing traditional cable,positive
"$CELG back near 104, where it opened and rallied higher last wk. A good place to take a shot https://t.co/zwHThSvFSF",positive
"Centrica extends gas deals with Gazprom, Statoil",positive
CompaniesTesco off to a bad start over Xmas Ã¢â‚¬â€œ Kantar,negative
$AAPL $131 rally mode,positive
Held its recent double bottom buy point of 56.57 almost to the penny today $WMT http://chart.ly/6nosp5q,positive
Rio Tinto CEO says iron ore market at equilibrium,neutral
ALERT: New RSI signal created on $COST - Buy at 148.78 - Time: 14:19 - Strength: 10. Powered by https://t.co/MhOBzU3Rmx,positive
Britain's FTSE forges ahead as Shire surges,positive
$VRTX early technical BUY signal... for confirmation > 86 it needs some fundam. incentive https://t.co/QuYSrqFo2x,positive
what #stocks large players are selling http://stks.co/t0Vel $CROX $GOGO $INO,negative
GlaxoSmithKline share price slips as FDA okays asthma therapy only for adults,negative
"CaixaBank, dos Santos Agree on Plan for BPI Angola Exposure",positive
"Goldman Sachs, Barclays, HSBC downplay Brexit threat",neutral
Double bottom with handle buy point of 29.51 $IP http://chart.ly/akvujxh,positive
Is It Worth Investing In Tesco PLC And Prudential plc Now?,positive
$CTRP breaking out https://t.co/Z2je3rTKch,positive
"Notable gainers among liquid option names this morning include $STX (+7.0%), $NEM (+4.6%), $WDC (+4.2%), $X (+4.1%), and $GME (+3.4%),",positive
$GOOGL gets an upgrade price target $970,positive
"Reuters: Green Mountain revenue misses, shares plunge http://stks.co/13mW > $GMCR prints 43.80, market in a foul mood, bad day to disappoint",negative
$WX Decent pull back . .,negative
AstraZeneca's Lung Cancer Drug Tagrisso Gets FDA Approval,positive
$ROST Ross Stores Upgraded to Outperform at RBC Capital Markets http://stks.co/j0Q9t,positive
"potential defect with third-row seat belts. Tesla Motors recalls 2,700 Model X SUVs $TSLA https://t.co/YVYDncdNdi",negative
GlaxoSmithKline starts hunt for successor to CEO Witty,neutral
$FB & $TSLA cracking lower early. $short #correction #stocks,negative
"$ADBE technical alerts: Expansion Breakout, Gilligan's Island Sell Setup, Volume Surge, and New 52... https://t.co/LxX66tknFH",positive
Is #Facebook's user engagement falling? https://t.co/tqMMt7N16X $FB https://t.co/sedqRWgdkt,negative
"$KNDI #China #ElectricCar maker. China car sales +7.8%. Also, may feed off $TSLA momentum run lately.",positive
$INO back in this am small post,positive
"RT @stockdemons think shorting here into close might be play, $SPY - high beta reversing..looks worth a shot",negative
Standard Chartered's Shares Plunge 7% After Fitch Downgrade,negative
"$AAPL AAPL: Gundlach Slams iPad mini, Sees Downside to $425. http://stks.co/bDqV",negative
$isrg trading at all-time high after strong earnings report with 4 days of short interest.,positive
"$GMCR with the way this has been acting, it may fall to 65 today, horrible action since it hit 70 yesterday",negative
$AEGN MACD and ADX are crossing over the signal lines! Long Setup http://stks.co/qzzx,positive
"$AAPL at pivot area on intraday chart- break here could send this to 50-day SMA, 457.80 http://stks.co/jPbN",positive
"took some $ENDP long this am, using VWAP as guide",positive
"$TSLA steaming up again, this stock is relentless at the moment",positive
BHP Billiton share price: Brazil to sue Samarco for Ã‚Â£3.5bn,negative
FTSE 100 flat; Standard Chartered leads risers,positive
$DXCM - Making higher highs & higher lows as it consolidates over past several weeks. 26.70 was all time high (2006).,positive
$PYPL great vol flow trade here.. Love this company long time.,positive
Brewer AB InBev seeks $275 bln tie-up with SABMiller,positive
RT @robbieLOLZ $NFLX A close above here is looking good for the bulls. Will hold my positions to see where we close at. Keep buying here.,positive
Juniper tumbles on Q1 warning; Cisco also lower https://t.co/N8X8BpLJ1E $JNPR $CSCO,negative
ARM Holdings plc Partners With International Business Machines Corp. To Drive ...,positive
Insurers: Admiral blows hot and cold but Aviva soars pre-Friends Life merger,neutral
Netflix Grows Efforts To Create Loyal Customers $NFLX https://t.co/5QXBkoBphe,positive
Shares in BAE Systems hit 10-month high on rating upgrade,positive
#Apple up almost 20% from its February lows with very little fanfare. $AAPL,positive
"AstraZeneca bags another cancer drug deal, this time with Inovio",positive
"ACE Limited, which has a 17 year dividend growth streak, plans a 33% dividend hike: http://stks.co/1BUE $ACE",positive
$MSFT SQL Server revenue grew double-digit with SQL Server Premium revenue growing over 30% http://stks.co/ir2F,positive
long $AAPL,positive
"$RIG whos ever pushing this is crazy, get ready for suspended dividend (turning into growth stock) blow out earnings, and major buyback, lol",neutral
GSK and Novartis complete deals to reshape both drugmakers,positive
"Tesco, Asda sales fall as march of the discounters continues-Kantar",negative
$SAVE long. https://t.co/yEJuS9cMlC,positive
5 Best Analyst Rated Stocks in Last 72hrs: $ORCL $AAPL $CBS $INO $CPXX View all ratings here: https://t.co/IRID6zd5gc,positive
$aapl.  Test the high today and probably go beyond after hours...,positive
"Tesla Motors recalls 2,700 Model X SUVs $TSLA https://t.co/F55dx4aegI",negative
"@sharkbiotech If anyone is selling/shorting $AGN b/c you believe $ENDP rumors to be realistic, then I'll take the other side of that trade",positive
AstraZeneca profit down as sales of stalwarts fade,negative
$DMND green and moving,positive
"$TSLA looking good..i'd love to see a basing action here, letting the RSI take a breather. http://stks.co/g1T7c",positive
TripAdvisor jumps on M&A rumors https://t.co/O4lwCDXMbr $TRIP,positive
Unilever profit rises despite sales slump in China,positive
Sold some $TSLA Puts this morning Closed them at the close. Helps pay for monthly expenses,neutral
"Lots of metal stocks look like a 5-10% run awaits. Long $SSRI,$PAAS and $NEM but most high quality names should go if metal prices cooperate",positive
"$HPQ Says Breakup Will Cost Billions, but Sees Savings Too http://stks.co/p27hZ",negative
Shire Sees Baxalta Deal Closing as Expected After New Rules,positive
The Coca-Cola Company and Coca-Cola FEMSA to Acquire AdeS Soy-Based Beverage Business From Unilever,positive
Covered my small $MWW short @ 7.99 for a .16 loss. Flat on the day. All cash now.,positive
"$KNDI Let's see some higher highs and higher lows rest of the day , slow and steady",positive
$TSLA not dipping - testing the 200 day ma https://t.co/jEPLmZQKGW,positive
Valeant Said to Name New CEO With Pearson Still Hospitalized,neutral
"AP: Caterpillar posts 60 percent jump in 4Q profit on steep global sales increase, tops Wall St. view > $CAT",positive
@asdfLLC. Nice pop today. Told ya we would be green haha. Funny you bring that up. I'm actually working on a story about $NOK at the moment,positive
"Aviva, M&G suspend property funds as investors panic",negative
L&G completes UK's largest medically underwritten bulk pension risk deal,positive
BAE Systems's sales boosted by European Typhoon and currencies,positive
Kingfisher takeover of Mr Bricolage could hit a brick wall,negative
Phew! So far good $BBRY did not break 10.40 coz I was told that is key support level.,positive
$HCP Come to the party and buy this -gonna give solid gains and a dividend $$$$$$,positive
Tesco's Sales Pickup Isn't Enough,negative
U.S. Debt Lures Schroders as ECB Depresses Rates,neutral
@Dojiknows th SP and the potential of QNX BES10 and BBM  cross platform will bring good news in time $bbry,positive
AB InBev's Latest Bid Said Unlikely to Win SABMiller's Approval,positive
Johnson Matthey revs up on clean air drive,positive
$ELN longs...congrats...another HOD,positive
"$TSLA lots of green on the 5 min, watch the hourly $259.33 possible resistance currently @ $257.00",positive
Barclays poised to replace Sir Mike Rake as he heads for exit,neutral
$AAPL Now I'm glad I got stopped out of my $113 weeklies when I did. Will re-enter next Monday for the #earnings run-up.,neutral
This $BBBY stock options trade would have more than doubled your money https://t.co/Oa0loiRIJL via @TheStreet,positive
$ISRG PT raised to $700 from $640 at Leerink - keeps Outperform rated,positive
"maybe closing all those $AAPL calls i had this morning was a bad idea, money left on the table...",positive
Sainsbury's says to outperform rivals in tough market,positive
$NFLX and $TSLA making all kinds of gains ðŸ“ˆ,positive
$aapl high of day just hit. Back at it tomorrow.,positive
Insurer Old Mutual picks Standard Bank's Hemphill as new CEO,neutral
LSE gets Hong Kong regulatory nod to HK firms to become LSE members,positive
"$TSLA Recalls 2,700 Model X Vehicles; Shares Volatile https://t.co/tcKqZnMIqX #TSLA #tech #stockmarket https://t.co/FeMhJtAmQj",negative
"Philip Morris, BAT Sue Over Law Taking Branding Off Packs",negative
BP joins forces with Det Norske in Norway,positive
$NIHD insiders got this one wrong. Looking for bottom. Rsi under 30,negative
$CDTI bounce here on support or H&S setup this area is very important for bulls to not lose http://stks.co/c0mf3,positive
$AAPL near a 3% drop thats a lot... now the best i can do is HOLD ER lol,negative
"EXCLUSIVE-BP, China's CNPC to unveil oil alliance - sources",positive
Morrisons faces festive sales test,negative
Shire says internal synergy goals from Baxalta deal higher,positive
$VMW  Got a nice push today following small sweepers of May C this morning,positive
Carnival Corporation and China Merchants Group Sign Memo of Understanding ...,positive
$FB SHIFTING ON THE 15 MINUTE HERE - SUSPECT TO TAKE HIGHS,positive
"UPDATE 3-BP settles oil spill-related claims with Halliburton, Transocean",neutral
"After Barclays and Bank of America, Citigroup has blockchain in sight",positive
X marks the recall: Tesla recalls #ModelX for faulty 3rd row seat. https://t.co/HSqdoVry07 $TSLA https://t.co/4Cs3CNZEBB,negative
AstraZeneca to Pay Inovio Up to $700 Million for Cancer Drug,positive
Can Christmas Save Sainsbury's plc And Tesco plc?,negative
Teva: FDA Approves Generic Version of AstraZeneca Heartburn Drug,positive
Shell to buy BG Group in $69.7 billion takeover,positive
$AMZN new HOD with conviction keeping $570 on watch for Resistance.,positive
MarketsShire up 2.5% and Baxalta up 6% on $32bn deal,positive
$FB watching for bounce tomorrow,positive
Tata Steel working with StanChart for UK unit sale - source,positive
Meggitt share price tumbles as profit falls in 'challenging year',negative
"UPDATE: CIB, Legal & General Sell Egyptian Life Joint Venture To AXA",positive
I'm no professional ANAL-yst but I DO put my $ where my mouth is. $AAPL will do $575 b4 yr.endÃ¢â‚¬â€That's another hun from here.Long LEAPS =^.^=,positive
Shire to buy NPS for $5.2 billion to boost rare disease drugs,positive
Long $X 24.62,positive
Deutsche Bank Downgraded Starbucks Co. $SBUX https://t.co/QqlEvVwPMV https://t.co/f2PdQjuTHa,negative
British American Tobacco drops and sues PwC over pollution scandal,negative
Tesco shareholders back ITV head for chairman,positive
$EBAY had a nice breakout of the recent consolidation. Congrats to those who had it. http://stks.co/2TAd,positive
"RT @Dasan @TMTanalyst ...since $AAPL mastered their supply chain // in cornering NAND, Apple mastered EVERYONE'S supply chain!",positive
Asahi could be about to snap up more of SABMiller's beers ahead of AB InBev sale,positive
Added more $BBBY @jimcramer is wrong about this one. Still a very profitable merchant with profitable stores,positive
Microsoft joins the open-source Eclipse Foundation https://t.co/z8G5cZaKeU focus on collaboration & open business is a smart strategy! $MSFT,positive
GE to Sell Majority Stake in Bank BPH's Core Bank to Alior Bank,positive
London Stock Exchange Shareholders Approve Merger With Deutsche BÃƒÂ¶rse,positive
"$AXDX I got bored, and took my proprietary profit exit. I didn't like the option liquidity and lousy spreads.",negative
How Kraft-Heinz Merger Came Together in Speedy 10 Weeks,positive
$BBRY hearing rumours of a major joint venture announcement.,positive
AstraZeneca shares climb 3% as drug maker ups profits forecasts,positive
"FDA panel backs safety updates for AstraZeneca, Takeda drugs",positive
Tullow Oil Suspends Dividend Amid Oil Price Fall,negative
Buffett's Company Reports 37 Percent Drop in 2Q Earnings,negative
$NUGT longer term bullish,positive
$MFLX up  pre mkt. Looks like GAP has been filled....lookin 4 short opt here,negative
easyJet leads Britain's FTSE lower as global bond rout resumes,negative
$AAPL at resistance right here...sold my shares...will buy back if it dips or if it goes in the 128 gap zone,negative
I don't see it. 200 day sma is the big hurdle. There is a good base building. $NFLX  https://t.co/ImKYGO2cyc,positive
Slump in Weir leads FTSE down from record high,negative
G4S sees profits rise but UK contract problems remain,positive
$BAC $ADSK $NFLX long this morning,positive
$BBRY both 1m/6m trends turn bullish today with a resistance level at $11.31. http://stks.co/j1qt6,positive
Tesco shares jump 6% after Christmas sales beat expectations,positive
Surprising to see $JWN and $SKS sales numbers still holding up so well. I guess the high end might not be a concern after all.,positive
$AAPL long 630.91,positive
"Are Aviva plc, Direct Line Insurance Group PLC And Admiral Group plc Set To Soar?",positive
Credit Suisse poaches Prudential's Thiam for Asian push,positive
Compass Group says positive for year ahead,positive
"Sheryl Sandberg Sells 109,000 Shares of Facebook Inc $FB Stock https://t.co/3vXT7AMnpk via @RatingsNetwork",negative
"$AAPL is now beaten down, hated, etc. / hhhmm opposite of 700> what happens next?",negative
"$ENDP exit reversal .11 X 3K shares = $330 - now Long - not getting follow through, either side of price action",positive
"$STX long play, another consistent profit zone.. check it out https://t.co/DQfuzOzYlh https://t.co/ggne4ayzqn",positive
"$AAPL AAPL finally breaking under the 49 M.A.. With no buybacks this week, look for AAPL to test the 120 support area.",negative
$PRGN A bottom right here?,neutral
"Maglan Capital Up +20.84% In February, Long Fairpoint  http://stks.co/s1eQc $$ $FRP",positive
Glencore blames rivals for creating metals glut,negative
stole my tweet. really wouldn't be surprised if we took out 423 and pinned around it RT @totalguru We could possibly even see425 today $AAPL,positive
"$FB trend, hits mid 110's and drops",negative
$SPY Could the pride of social media be gettin ready to fall?  $FB - chart rolling over?,negative
@mugatushair Now it is time to short $TSLA,negative
$JNK http://stks.co/2Fcm Does not want to go down... risk appetite still high,positive
Royal Dutch Shell to Buy BG Group for Nearly $70 Billion,positive
Short on $ATVI from 24.55.,negative
$WMT BULLISH with MACD CROSSOVER with RSI and STO going up - above 73.4$ MA50 res. could run http://stks.co/gGCq,positive
"Homebuilders - $RYL breaking below support, watch this one.  $SPY",negative
AstraZeneca Teams With Daiichi Sankyo To Sell Movantik In US,positive
$RIMM $spx $nya $compq $djia all going down,negative
$YHOO making new HOD,positive
$AMGN And #UCB Announce Positive Top-Line Results From Ph3 Study Evaluating Romosozumab In Men... https://t.co/4hBoUDR8B8 via @YahooFinance,positive
Apple Inc.: The Rip-Roaring Rally Is Just Beginning! (AAPL) | InvestorPlace $AAPL https://t.co/jrcFC8XlY9,positive
Costco: A Premier Retail Dividend Play https://t.co/J3UhTs022M $COST,positive
Why AstraZeneca plc & Dixons Carphone PLC Are Red-Hot Growth Stars!,positive
@catskillfishing  Note the monthly chart of $GDX & how it recaptured support. $GLD possible double bottom set up. http://stks.co/aw6z,positive
HSBC Hit by Fresh Details of Tax Evasion Claims,negative
"$DPZ broke out now of his bull flag channel and make new highs, but volume is very poor",positive
$HITK  Resuming advance into new historical highs.,positive
UPDATE 3-Stifel to buy former Lehman brokerage from Barclays,positive
RT @tomhend777 $MU needs to hold here -Broken for now. Needs big flush. Still not technically oversold so now big bounce yet,neutral
CompaniesCar insurer Hastings Group driving Ã‚Â£180m IPO,positive
Deutsche Bank cuts $SBUX,negative
AstraZeneca's patent on asthma drug invalidated by US court,negative
"Goldman Sachs, Barclays, HSBC downplay Brexit threat",negative
$MTD (Mettler-Toledo) ready for a breakout,positive
2 Turnaround Buys For 2016? BHP Billiton plc And Home Retail Group Plc,positive
TRLPC - CRH backs Lafarge Holcim asset buy with 6.5 bln euro bridge loan,positive
"$HSC Receives 7-Year, $50M Contract at New Saudi Arabian Steel Mill",positive
CRH's concrete bid for Holcim Lafarge assets,positive
$CRK time to accumulate for a long position with far more upside than downside,positive
Berkshire seeks to boost its Wells Fargo stake above 10 percent,positive
S&P downgrades Barclays and RBS on government bailout fears,negative
"Broker tips: RBS, Croda, Sage",positive
Merkel's Government Said to Support Deutsche Boerse-LSE Merger,positive
"UPDATE 3-BP settles oil spill-related claims with Halliburton, Transocean",negative
InterContinental Hotels Denies Reports of Starwood Merger Talks,neutral
"$GLD http://stks.co/jr8 Daily chart - though RSI and Stoch. point at a possible move up, there's a lot of resistance.",positive
Tesco share price down as grocer faces SFO investigation outcome,negative
CompaniesKingfisher bid for Mr Bricolage runs into trouble,negative
$AAPL weekly still under the 50 moving average and creating a lower high. https://t.co/vT7ppzY2UY,negative
UPDATE 2-Pricey beers lift SABMiller's quarterly underlying sales,positive
$ZNGA http://stks.co/3rdu Looking for a test at 9.25 resistance point. cc @ cfrazierjr @FletchTrade #traders,positive
Balfour Beatty plc Set To Reinstate Dividend (And Rival National Grid plc And Centrica PLC Once More?),positive
#Fintech provider $CAFN Cachet Financial Solutions Surging Forward today post earnings Up +13.26% https://t.co/9BJ3csk2i9 $JKHY $FISV #Momo,positive
Market Report: Aviva tops the market as traders approve of its choice of Friends,positive
$UGAZ Will this cold put a dent in the massive horizontal rig production. Who knows  http://stks.co/p1V6P,negative
$FB Nice buyable intraday dip right here,positive
$GOOG breakout very likely medium target $700+ http://stks.co/1Lpz http://chart.ly/lgb94rr,positive
"$TSLA 5th wave down on the 1 hour chart, hammer candle developing, close to 200 sma, might be a good spot for calls",positive
Citigroup to Sell OneMain to Springleaf for $4.25 Billion,positive
loading $SPY and $AAPL puts. think were toppy IMHO.,negative
"$SINA even though the ""report"" is untrue and has been proven unture, the damage is done. No one wants to touch it now",negative
like $T for a breakout long as well. getting through the 100 and 200 MA could see it run.,positive
"London open: Taylor Wimpey and Ashtead drive markets higher, Barclays falls",positive
CRH adds CR Laurence to acquisitions tally for $1.3bn,positive
$SBUX getting sold here.,negative
$ISRG - ISRG Short - http://stks.co/f1vVU http://stks.co/c1qrm,negative
Eli Lilly & Co. (LLY) Has Broken Out To A New High On AstraZeneca Collaboration,positive
UPDATE 1-Meggitt reiterates annual outlook after tough 2014,neutral
"So as of today's close (8/15/14), I'm long $TSLA $AMTD $TWTR $FB $AAPL $CELG - all on a longer-term, technical swing long basis.",positive
"CompaniesTravis Perkins lifts dividend, earnings rise 15%",positive
$AMZN Going thru the roof needs a sell!,positive
"Are ARM Holdings plc, Domino's Pizza Group plc and ASOS plc 3 must-have growth stocks?",neutral
@ACInvestorBlog: $SPY eod run :),positive
AstraZeneca share price: Acerta deal pays off with orphan drug status,positive
$TSLA recall model X https://t.co/b7izYa4BuE,negative
"Long Position on $GOL,...Updating http://stks.co/fdmm",positive
Johnson Matthey profit falls but dividend rises,neutral
ITV share price jumps on report of Comcast's NBCUniversal bidding to takeover ...,positive
"$TSLA on fire, what is that 6 up days in a row. Someone neeeeds!! in",positive
"European stocks hover near 3-week low, Dialog and BHP slump",negative
"Britain's FTSE outperforms Europe, Royal Mail and Tesco rise",positive
"$SLW is down, but weekly $34 calls (-28.95%), .23 x .25 have 321 volume. Worth a chance here, jmho: http://stks.co/1Qfg",positive
Equity indexes working on a positive engulfing for March. $SML $RUT $IWC $SMH $SOX  Small-caps / semis with a fakeout before the b/out.,positive
$RSOL bought 3500 shares today!,positive
"Should you buy Associated British Foods plc, Great Portland Estates plc and Dunelm Group plc following today's news?",positive
Valeant CEO Pledges to Heed Critics After `Painful' Experience,negative
Rolls-Royce Wins $9.2 Billion Order From Emirates Airline,positive
Ocwen Reaches Settlement With California Regulator,positive
The Coca-Cola Company and Coca-Cola FEMSA to Acquire AdeS Soy-Based Beverage Business From Unilever,positive
"Ackman, in email, says supports Valeant CEO Pearson",positive
"Goldman Sachs, Barclays, HSBC downplay Brexit threat",negative
"Britain's FTSE falls back with Ashtead, commodities under pressure",negative
Think $FMS will challendge 200-EMA in not distant future.   Look at yesterday's volume,positive
$PPG Descending triangle but I am liking it for an upside break http://stks.co/o9nY,positive
Sales boost for new Morrisons chief David Potts as Tesco turnaround stalls,negative
#NDX component Tesla has announced it is recalling 2700 Model X SUVs. $TSLA,negative
$NFLX I say it's time to short at this point.,negative
Renewed AB InBev Bid for SABMiller Ups Stake in Beer Battle,positive
$HRL ready to pop! http://stks.co/s0Ny4,positive
$SBUX inverted head & shoulders pattern in the works. bullish.,positive
Tesco share price jumps as Q3 sales top estimates,positive
"Last month we added to our $GILD position and started a new one in $BWLD We see slow, steady, unspectacular growth going forward near term",positive
Arm profits and sales up as shift away from mobile gains pace,positive
RT @Street_Insider The Steve Jobs Effect? Apple $AAPL First Day iPhone 4S Sales Were Off the Charts http://stks.co/YYe,positive
UPDATE: Barclays Expects Gain After Settling With Lehman Bros Trustee,positive
$AAPL wants lower. up waves getting smaller on the 2 min,negative
Sainsbury sells unit to LloydsPharmacy,positive
"Are ARM Holdings plc, Domino's Pizza Group plc and ASOS plc 3 must-have growth stocks?",neutral
Academics claim Google Android two-factor authentication is breakable. #security #authentication #hacking $goog https://t.co/nJx4mnrGLo,negative
Diageo Sells Ryder Cup Venue Gleneagles Hotel to Ennismore Group,positive
REFILE-Aviva Investors to move 34 bln euros in assets from AXA fund arm,negative
$LEE http://stks.co/24kM LEE ready to exit bankruptcy. Strong volume today.,positive
$SPY wouldn't be surprised to see a green close,positive
"$QCOM chart: Qualcomm Short 61.8% Retracement, Trendline and Resistance. https://t.co/2WQqh35KOY",negative
Breakingviews: IAG can pay more for Aer Lingus,positive
UPDATE 1-Lloyds to cut 945 jobs as part of 3-year restructuring plan,negative
$fb small long 109.25 via calls,positive
$EA points to the two Facebook games and accuses $ZNGA of copyright infringement. http://stks.co/g3A1,negative
Tesco PLC's Recovery Continues With A Ã‚Â£250m Cash Infusion,positive
I am not optimistic about $amzn both fundementals and charts look like poopoo this quarter.,negative
Walter Investment Management Corp Receives a Sell from Compass Point $WAC http://stks.co/c1IvX,negative
Ruling sets lower limit on potential fine for BP,negative
London Stock Exchange seals Ã‚Â£22 billion merger with Germany's Deutsche BÃƒÂ¶rse,positive
CompaniesFresnillo shares jump 8% as silver price breaks $21,positive
"$QCOR a little pullback is fine but if this erases all of todays gains, I cannot believe the manipulation its capable of",negative
